,1,2,3,4,5,6,7,8,9,10,11,12,13,14,15,16,17,18,19,20,21,22,23,24,25,26,27,28,29
AIA,0,0,0,0,0,0,0,0,0,0,0,0,0,0,0,0,0,0,0,0,0,0,0,0,0,0,0,0,0
ARG,0,2345674022,279547428,152739,1002340,148001,5020891,947193,6167563,195209073,252030,1004907,8831345,103614,232256,39100,1605831,823360,643644,9564585,3686992,837011,4561144,29957755,4908140,467223,8173944,54995189,931011983
ATF,0,0,0,0,0,0,0,0,0,0,0,0,0,0,0,0,0,0,0,0,0,0,0,0,0,0,0,0,0
ATG,0,0,344731,0,0,0,89713,0,0,0,0,0,0,0,0,43240,67,0,0,0,13442,0,0,0,829,0,20058082,25075,9593
BEL,3988145,6416889,66098213,20889179,7740701,1927036,37635135,11686835,20297047,375690,332544,4646425,11473948,2407403,48141589,9492955,2374091,1592,4090946,25718570,19207460,5536682,30746331,102604999,20677346,1306778,50787000,108403269,1248716086
BGD,800,0,4803707,590618,30720916,207343,75756640,345569697,59167124,3525637,563409,2182115,16709686,54824,2521775,3259,13124556,309316,321348,3812703,22195259,1173638,10133952,2016876,23163151,3181950,783461496,141187747,339216067
BHS,0,0,0,43897,56344,0,0,0,0,0,1115,4830,0,0,0,1656995,0,0,4422,260857,85434,7600,0,3752,4294,0,91794126,5938,814380
BIH,0,0,480444,0,0,15035,144684,0,0,0,0,608434,4475,10636,0,470634,0,0,6,981892,364,235014,0,0,1203059,0,0,733722,920125
BLR,0,126073429,1086454,6563,632035,0,2008953,1328170,82197,525000,225,618798,239351,62171,270583,13120250,169452,29419,53568,7164074,703535,1391,3634002,9126102,137881,128441,143135,3408726,61809803
BTN,0,0,0,0,0,72446,0,0,0,0,0,0,0,0,0,0,45568,0,12600,38043,589,0,0,0,0,0,93285,0,55831
CHL,22586504,774722215,25912584,34600,653482,269301,18747428,3773209,3958970,42095,6557817,4092914,6649389,79816,15035181,122747872,11004038,1816864,8575129,47416388,31508844,8349771,15331860,300225,6543440,3921753,281507338,81440040,253254183
CIV,0,0,81339989,0,0,17509,5207501,124390,9412596,28514000,438825,0,56950,964,504804,55793520,4851110,44369,429421,13205673,5773689,1363227,39700,0,577884,185120581,1017776,23076527,25332140
COG,0,0,3418729,0,0,0,1700086,0,465501,0,0,2912,0,142590,0,1218235,0,0,130344,2090687,2965496,20050,5871963,0,1068334,8811141,1227846,678595,3808894
COK,0,0,54605,0,0,0,0,0,0,116469,0,0,0,0,0,0,0,0,0,0,5670,0,0,924,6796,0,853510,448,0
DEU,4118,5419279,413277161,7765781,241813853,9962063,83858046,136518512,98852830,1760650,2635482,76719633,70045446,8013985,54544829,27724356,9949312,11633206,20972449,192297628,74206589,13541086,192686872,6011037,28010611,1398885,74851527,215616873,2397242173
DMA,0,0,0,0,0,0,24197,1658,0,0,0,0,0,0,0,48098,0,0,0,16374,7888,0,0,0,6413,0,440016,75949,495
DNK,2961,1391461391,7290770,90611,6739214,2815856,4639290,1707370,602270,13705,6283,5644827,15256015,1376451,304635,13371782,1677906,1520740,3493390,14810720,3570529,1176417,31242054,345757,2018179,90088,47795999,11479775,130114034
ECU,0,0,3114405,0,124377,30680,14245721,4850,581753,0,38626,52093,3297629,11980,98330,2304690,4781015,420640,831132,889580,4284181,375023,6807700,0,948631,1276,76430984,26257015,77177891
EGY,0,0,16296888,1202283,1110774,165241,13691999,1811602,14992864,76160000,1008160,120642737,6559641,4062,1498499,1495944,7968602,211233,430319,8847594,4438129,894610,5966392,7246271,13331992,928159,5774787,68499158,365774569
ERI,0,0,0,0,0,0,0,0,0,0,0,0,0,0,110668,0,18011,0,0,0,0,294850,0,0,125,289306091,92257,2102271,401653
FLK,0,0,0,0,0,0,0,0,0,0,0,0,0,0,0,0,0,0,0,0,0,0,0,0,0,0,0,0,0
FSM,0,0,1835548,0,0,0,0,0,0,404527,0,4684,0,0,0,227406,0,0,887221,54172,124654,288131,1348,0,109521,8746,248084,75664,0
GIN,0,0,449827,0,390,0,2605917,90398,11791542,22296000,435535,1571,0,0,36767,649422,5132891,222757,1154962,8923245,19731594,79111,0,0,7233356,327296,2233699,7647076,3538474
IMY,0,0,0,0,0,0,0,0,0,0,0,0,0,0,0,0,0,0,0,0,0,0,0,0,0,0,0,0,0
IND,10431,0,1399072,10368,2091736,3182144,47687412,20999520,11868530,1472438,10481292,15872717,34790421,488255,11917091,1290150,7521014,1720693,673321,25321899,25823053,5837020,29853654,6284398,118619370,11113809,388875307,653095782,8438625268
IOT,0,0,0,0,0,0,0,0,0,0,0,0,0,0,0,0,0,0,0,0,0,0,0,0,0,0,0,0,0
IRL,1000,136449,10036749,3612681,2350,33849,941071,574061,153274,0,82276,3151072,1952178,124557,137964,12321449,461906,72194,2608953,4197081,3749633,1437500,9219911,9772,1564138,3070,262006,2003870,362917005
ISL,0,163493,1617958,0,205058,0,52160,97824,77328,0,0,0,2220,0,4315950,42016,7351,11525,213021,18540,107709,6342,77512,0,47,0,310769,1320568,348569
ISR,534,0,10684580,40065,311323,196254,16536012,15024557,17730658,116328,637356,18467330,3440180,622809,838577,67201080,13232834,1771138,7494400,40545178,8465507,5159183,9926464,294630,1582654,5265,6234646,35927665,499675384
JOR,2700,59500,1147167,185651,455689,270264,521121,2784984,5100638,126403,117161,32284558,521149,23062,787436,5987630,4934242,631782,487713,33463666,1084293,12299327,3508385,5812772,1589984,6171,153364,17523219,109501389
KNA,0,0,0,0,0,0,12859,8626,0,0,0,0,0,0,0,0,0,0,0,0,25150,0,0,0,15,0,278797,3,18
LBN,0,0,170526,53484,1440,5330,11058306,3668453,2692037,17227946,93147,20357450,138887,116469,226156,2138348,714776,32862,611835,15564122,615083,4248178,447945,0,57182,5708,691348,4418426,26401120
LBY,0,0,1360502,83250,0,0,281823,552652,12362179,15579734,13475,10340382,43341,0,0,1091879,77662,33420,547473,2749722,22672,630454,0,0,129217,2000,499570,1319594,5150543
LCA,0,0,0,0,0,0,0,0,0,0,0,0,0,0,0,0,15881,0,0,0,0,23348,0,0,0,0,820,26392,6160
MDA,0,0,352035,0,0,0,584605,221627,76470,240000,0,3763,51963,0,2898,1911702,1656,0,8050,614836,144909,10005714,34300,267774,1304,0,42353,53917,1468091
MDV,0,12538,131624,0,0,39651,1969377,162379,668878,0,0,9853,9500,6072,1780,878591,9344,0,328658,317279,139895,0,0,0,93900,1200,213826,113891,227776
MEX,75622,297811358,28969819,751262,1020227,696796,11770748,10142813,47976837,5,1877943,38105615,88476046,3939638,1745428,451532260,22752074,4651100,4713109,32560732,17657987,2798067,21233892,896512,11572226,2475994,375740954,193613499,995413812
NAM,0,8220764,1864326,0,129363,0,0,0,0,0,0,111413,0,0,12760,1262370,18900,0,9169,440249,76150,3153496,3775690,3143652,63283,440294,0,6120006,1496641
NCL,0,0,522367,0,0,0,290185,0,58464,0,0,86776,0,198,0,147269,0,2879,283509,555878,90416,30720,0,0,1180521,240727461,243675,1825047,112462
NOR,0,0,21955362,120,6499783,331027,3482680,4722625,132652,27935,1847455,929891,1732100,92415,852253,401782,1009349,49841,2958997,14167696,5366779,1084031,5143348,718,1145465,2434,34517566,15442985,34244380
NPL,300,0,16550,0,19100,1238,6493828,51764157,1409525,510366,457787,427187,168679,0,72161,40550,935400,70312,547484,1993783,1116904,93580,909957,0,72926,4200,209494,3436580,10169498
NRU,0,0,0,0,0,0,0,0,0,0,0,0,0,0,0,0,0,0,0,0,0,0,0,0,6493,0,6968,0,0
PAK,200,586755,140243723,9076,578755,277553,88270074,25569184,92900726,32074654,1912002,13160233,18389921,28066,2121187,47048,10794199,1807013,504103,19712407,14050220,978880,21082912,3311174,9348159,822408,175641203,106663838,865748900
PCN,0,0,0,0,0,0,0,0,0,0,0,0,0,0,0,0,0,0,0,0,0,0,0,0,0,0,0,0,0
PRK,0,1097925,4692457,1022892,175063,3070,1421828,8265907,1218111,950232,36611515,296797,13079,152388,79877162,2947537,32490444,976684,2014853,322697,5186558,4483092,2309706,39259186,398966,37080,5798558,8374429,17364703
PSE,0,0,0,0,0,0,0,0,627125,0,0,0,15300,0,0,93560,881081,168263,400365,2313560,591257,0,0,0,0,0,0,25734,242049
QAT,0,0,1009706,85460,482,1355244,12691022,5353673,9423946,24888,15763,1012704,21225,27915,54640,1049094,1257710,631150,275891,4459060,753055,953444,76146,1373,1351342,24649473,43714203,48425532,12747279
ROU,0,0,2318845,3177306,11314742,300,2615135,9720820,5212735,4777500,0,4040562,3277779,248977,2754963,418505,435586,3058,368192,7979081,2544080,2296258,1629248,312912,805659,9271,368744,8324242,55666809
SDN,0,0,173125,0,29925,13860,435798,21747,9962726,8238800,7250,2565091,220710,147461,51547696,0,3542719,454949,394808,12693914,9564883,5520,34388,0,648694,1261467,594434,11938672,18961404
SLB,0,0,5343425,0,254095,0,12800,0,0,8783483,0,1048,0,0,0,2829031,0,0,3123601,214360,818086,131661,148,0,2734138,106233,350327,50138,0
SLE,0,0,218400,0,0,0,117382,0,517530,57928000,0,0,0,0,0,14278,404510,11720,563534,9774198,15562545,63119,0,660,3934,34895192,3948478,443408,1272979
SLV,0,0,433626,0,50693,26633,3022121,0,750,0,94326,0,94462,1958,24200,1182832,1385509,557549,213224,1600333,1549213,118906,329489,0,101116,0,952988,6502770,23429496
SVN,0,0,803436,998583,3952378,26824,6457194,422175,3859806,0,86011,10100123,886365,79056,336653,0,44602,39170,167882,766531,904227,99068,939562,483471,20845211,5824783,285584,18800851,300400455
SWZ,0,0,0,0,0,0,0,0,0,0,0,0,0,0,0,0,208348,376,0,208815,4335,52843,0,0,0,0,1982622,117600,8918517
TKM,0,0,0,0,781749,0,0,0,307924,0,0,412988,4798,1193477,0,53082,0,0,33856,107266,14288,0,0,0,267055,0,91211,1451296,1627361
TON,0,0,169650,0,0,0,33900,0,0,45858,0,8509,0,0,0,807291,0,0,198473,158652,165415,0,3583,0,9929,0,0,120,0
TUV,0,0,0,0,0,0,0,0,0,80825,0,0,0,0,0,137594,0,0,5488,0,19912,0,0,4569,0,0,8195001,0,0
TZA,0,0,1907098,0,113898,1933,574651,12618,435773,278200,2990,279501,495103,615533,11920,221791,2871227,405055,242624,4845459,4627239,151071,972996,5780796,1824025,66473,74342357,59666609,21512593
UGA,0,0,129330,0,9366740,602173,1522808,2500,6280064,73357,11500,86825,2088,0,298757,161754,129099,258,155,23222,2395050,22842,0,0,107628,22475,1627713,678121,25453629
UZB,0,0,48077,0,2332617,65961,3202153,32993478,40630883,0,0,24171966,2358355,50418,390782,556906,1212498,625253,740773,1699481,3625733,186004,780804,30508,4039288,215800,4731085,19172710,47904959
VCT,0,0,0,0,0,0,0,0,0,0,0,0,0,0,0,0,0,0,5378,0,16503,0,0,0,0,0,473253,0,0
VEN,0,0,1040880,0,5778,0,1035623,82287,171876,0,4232,34647,130600,0,4260,9706146,1302195,25759,2996886,1184598,4727167,208319,19382593,0,546356,90961583,3960153,5087972,23186138
WSM,0,0,15506589,0,0,0,109940,0,12640,1423169,0,0,0,0,2283,9109726,17422,0,1034279,443154,637014,234471,0,0,108640,0,0,334,79280
ZAF,426674,43227059,26172918,7126582,60657341,670134,19983345,1895585,19119064,477145,1307939,3142074,4422912,64578,2060146,34970443,19461197,1006419,7375246,54475360,16381406,7469541,7793353,1691826,15795844,161089,38445801,138426448,418029989
ASM,0,0,0,0,0,0,0,0,0,0,0,0,0,0,0,0,0,0,0,0,0,0,0,0,0,0,0,0,0
HRV,0,0,2215024,511362,1603865,1518,2420558,1802645,1042610,199650,0,1996624,495787,70941,319905,8152,1052877,425689,1880,3856140,419729,109427,1421314,40790,1304453,1835386,4781963,2955685,44200048
MNE,0,0,0,227,0,0,193530,28981,75372,0,0,217866,0,0,944,121530,253867,34857,1104,89039,11165,1303265,11901,688565,133857,54389928,358974,766331,3044482
THA,141518,261710,897602890,18837370,94201835,15495020,584624327,906724329,95205428,2198281,64551164,79091180,34407664,1802946,16618798,467125783,110082575,15473331,60132274,293116573,397932448,19732917,46036312,1379929,86114912,19141453,325713634,714489411,1163129821
VNM,7101449,316124,278055273,103998,211994833,47948769,1512229987,1965272410,341245168,16957235,43292303,155282978,21528304,1898240,10304226,43411847,97585809,3856380,43878320,241780357,89028616,30242434,249527599,30105570,108112525,41372848,991849964,679870035,1329790433
,0,0,0,0,0,0,0,0,0,0,0,0,0,0,0,0,0,0,0,0,0,0,0,0,0,0,0,0,0
SJM,0,0,0,0,0,0,0,0,0,0,0,0,0,0,0,0,0,0,0,0,0,0,0,0,0,0,0,0,0
GUY,1125334,0,4764332,0,0,0,3187299,40158,7743,0,2143,2240,46750,0,0,629509,89672,0,123249,1107911,160081,19730,0,0,60095,2334491,12012,558663,482310
,0,0,0,0,0,0,0,0,0,0,0,0,0,0,0,0,0,0,0,0,0,0,0,0,0,0,0,0,0
AFG,0,3796099,0,0,3777,0,86772,2611563,12601666,2264680,99900,1928969,9238,15790,55224,74050,0,15160,5,477984,1107602,0,21420,0,52636,51024,119440,89099,2187713
MUS,0,0,19536567,101399,96321,25853,2743279,117079,231152,0,98973,68645,205652,56705,45377,5518317,798253,25600,1278630,4961175,1951375,2106455,471841,300500,305040,0,684095,2867316,1744503
JPN,1232047,1803685,1722864817,98218476,195819279,116897473,1186480798,117649984,178227808,62301798,32306662,319459768,184771829,19022254,34343073,2517646074,16066430,19311552,221391034,1615713387,226034947,49944848,575439530,11318448,447923544,983946752,860512919,1916702819,3044251098
STP,0,0,0,0,0,0,154284,0,86,0,15,541,0,0,1457,0,0,0,410,21540,3189,151,0,0,490,0,905952,722,0
GAB,0,0,5425133,0,0,0,1743001,0,852160,0,0,0,0,0,0,6832239,202002,40068,34433,896658,202341,102048,0,0,43159,887576339,292625,235722,927889
CCK,0,0,0,0,0,0,0,0,0,0,0,0,0,0,0,0,0,0,0,0,0,0,0,0,0,0,0,0,0
CZE,25153,1610246,1721085,109912,11839899,9955,930157,2454577,1005396,83592,47878,2646444,2102924,593021,2146151,732909,771198,1208762,246918,6487392,15082002,149113,12197788,40458,400148,2,116818,3295078,61523910
TUN,0,0,1574753,40994,529019,32782,14220146,1797908,6583771,0,0,3900286,274984,45550,465707,31070,336390,73250,13510,2772857,72441,419388,1247739,1282812,82179,1137,184938,4646025,26111553
COL,0,0,9288689,20646,358984,60970,28219058,120333,459271,0,204781,387333,2470755,232011,360757,21993922,9042223,1713812,932574,5502423,8055109,227395,10113455,615498,6841066,1125806,10286933,60211250,359007929
MMR,133898,12531,34767500,970054,27736163,11023724,35432793,246289135,115207911,364748657,17208524,13272170,1344980,1419,1661153,8044161,8498787,180977,15310457,27905956,120591717,73401286,11557847,7611920,26687124,631017,299951068,56737226,188425637
LAO,0,0,0,2812,0,45267,6679381,3228825,17977,96974677,11667124,12827,2359485,0,2605,304590,56208,0,388416,3263960,298618,4550787,0,3977933,4802985,194616,11441211,8061690,6627791
SGP,235536,0,55318202,14005143,242899,8710119,201416322,72972379,27512527,9904092,17305848,41427639,7162485,1999402,93497290,168438674,24738250,7215613,38661471,62072650,99832127,42007982,18680387,30488849,14850387,1395236,5159575372,100143350,749745911
TUR,0,653200,6369255,1045173,3233619,3384189,28524993,30605584,17148242,9798414,439367,154219329,15336103,1097618,1750172,11447378,6702385,5871735,5290215,27221264,6352879,25855863,10762141,5739831,36189190,1998806,33080557,172224269,906521803
MLT,0,0,2402689,0,0,0,35896,0,45692,0,0,85576,3376,2630,18935,1328708,9546,0,343990,735414,143571,2078831,77643,11440,16193,0,254743807,1780794,33773415
RUS,154206,853246,169824171,90537,764927,884243,292606493,87348921,74630359,3893596,622953,47010366,67065008,2196780,3706209,129080505,29268136,3267900,26831437,324299150,62489782,15344438,48126593,2462347,56461633,2964995,114216242,239609726,1395735228
ZWE,0,0,0,0,0,47602,16556,11000038,1168,0,201744,97811,12450,0,826,116459,15200,2066,982,62605,38623,573,0,85,413521,152520595,240792,16071391,3769400
LTU,0,1807717,5856204,937260,252515,10680,2637292,7346332,1128422,92299315,553136,2523029,1173680,220919,302444,4717035,1827929,453987,143825,11488197,3802606,858788,7739417,2128339,367372,0,184284,8915182,94099512
FIN,12828,66516715,839701,87728873,233,16400,691875,8600,103742,20245,7968,1193666,130148,18330,102013,270541,1022352,10656,1068276,2291940,2274433,1353958,11962614,13230,1644297,116974,8555961,2743837,45131434
MOZ,0,0,3569701,0,48295,0,2797480,0,1252115,14080651,136765,111479135,15903,0,0,1589139,418609,0,73382,2949221,3062348,4407110,135247,114431,594704,271001925,65422836,20493561,13446358
NIC,0,0,0,0,0,68,4074300,0,559042,0,0,0,41128,0,7088027,122695,720940,135859,44525,278826,154177,56849,27897,27334,84436,0,1588609,2966810,4750019
LBR,0,0,974815,0,0,0,340705,0,279909,6603000,0,0,0,0,0,487197,1304214,102031,154390,1696824,14634704,1278056,0,16450,1545,71183811,1151971774,895600,746329
OMN,0,0,304397,1922155,5544,157016,13653898,4629511,15720082,66113,49310,101892,6910,70410,605795,683108,2960619,340216,125250,11328406,4527286,1006514,154315,0,598313,7238059,31594086,7023310,112551437
RWA,0,0,32489464,0,7413,30,0,125958,2060361,0,1680,0,0,0,2082,14474436,0,0,8237,1477173,106382,62793,6209,0,15330,35247137,6,192707,102004
MSR,0,0,0,0,0,0,0,0,0,0,0,0,0,0,0,0,0,0,0,0,0,0,0,0,0,0,0,0,17
KOR,5061528,119308,1291855883,21338364,35725178,69172731,525425209,31264228,54716161,165476339,38146951,361141613,71593842,10409271,55265227,402723514,91267045,30241343,153295926,637639271,202720554,161487978,348825725,5402552,374303190,163486857,1512407389,3517724595,3216913417
ANT,0,0,0,0,0,0,0,0,0,0,0,0,0,0,0,0,0,0,0,0,0,0,0,0,0,0,0,0,0
FRA,21493,2031457,181863629,3676876,12153076,1428199,46544128,10689369,25309764,1055761,447271,18229837,31202699,2543726,6257948,10179282,4663406,48208,15852883,40409537,23595860,26344812,17001585,5576150,16579474,1843014,51775173,96109506,795506729
MNP,0,0,0,0,0,0,0,0,0,0,0,0,0,0,0,0,0,0,0,0,0,0,0,0,0,0,0,0,0
SRB,0,6006009,907790,26996,559055,81,201867,235638,459664,0,13001,627695,337350,19500,408562,1927190,437468,34349,16100,848037,558692,2408511,130918,63671,2067216,14046849,93183,1071742,27286477
,0,0,0,0,0,0,0,0,0,0,0,0,0,0,0,0,0,0,0,0,0,0,0,0,0,0,0,0,0
GUM,0,0,0,0,0,0,0,0,0,0,0,0,0,0,0,0,0,0,0,0,0,0,0,0,0,0,0,0,0
DZA,0,0,7222907,125293,259677,14182,1922623,6911524,53756974,0,660,3020255,1363967,8969,1738565,44451244,1394205,174095,0,12103672,7908390,70138,232220,850452,725687,40148,1362839,10214388,52926686
URY,20757475,928971983,8435276,588195,35640,11011,1401579,196986,556308,21152,4150,309435,566659,5480,330064,408483,238640,50275,933263,2119163,636391,2027543,229635,2123457,1045493,4913,415942,3816581,106360120
PAN,0,13766,2411556,16617,0,24494,8627119,1158092,361991,229358,96040,164728,5895,11475,104657,9770083,977236,146259,2268152,15660707,3290936,2913796,2061356,23378893,208540,398978781,1310866906,4332887,13337454
TGO,0,0,81000,36050,1664889,0,1151342,3935998,76913958,229679,0,143255496,2336,0,83390,488940,7121006,249413,2877419,33702156,7948949,3288359,0,0,271492,0,1436337,5626016,3799996
ESP,7595,3286279501,240035966,15896064,66381879,5663763,31061699,7415492,142275759,1785613,462615,85849312,99225662,6429374,169438665,122033603,3323048,832212,6121559,86957984,11522066,21036992,23089996,128393,22645751,508857,16913704,122849584,1149671179
COD,49649,0,13764167,0,0,0,5248290,6903,21496,21097500,48044,28691,338816,401,2170,9643724,1123359,73498,296939,17294540,6112392,822773,0,0,646701,11489,1586361,25833351,29222268
GNB,0,0,0,0,0,0,0,0,59400,17207500,0,0,0,0,0,0,0,0,13593,85743,256053,0,0,0,0,0,102404,0,19960
MAC,56561703,63057440,49509592,15969058,413,3979020,22084816,10680324,1992139,1381134,2488956,3763657,232164,2465809,2219186,12414482,1931426,109338,31319409,2159836,6508048,75390526,13078,8945676,39117593,5079245,530708744,3714557,11628536
PNG,0,0,5659593,246,0,0,861969,459682,96237,45525455,758829,1982,58973,297901,30229,8641127,8596959,477874,7213859,2612486,3775962,677899,7700,54638,4308040,879129,628388,13026511,8228207
CYP,0,0,2067984,103936,0,67665,55506,222515,166039,41545,0,826910,76002,34759,78198,1629065,3760,0,300085,2272131,520480,71721,117158,5048,190803,0,94235454,376187,29678914
HMD,0,0,0,0,0,0,0,0,0,0,0,0,0,0,0,0,0,0,0,0,0,0,0,0,0,0,0,0,0
,0,0,0,0,0,0,0,0,0,0,0,0,0,0,0,0,0,0,0,0,0,0,0,0,0,0,0,0,0
,0,0,0,0,0,0,0,0,0,0,0,0,0,0,0,0,0,0,0,0,0,0,0,0,0,0,0,0,0
MNG,2740068,20558630,113250,166898,919210,133856,12561407,4506770,1079901,21571480,4981265,87133,302296,4366,5817225,1153432,8496123,412651,19334731,6261895,8704498,1478767,3959889,1403695,8397792,186355,160301046,9883163,8640113
GUF,0,0,0,0,0,0,0,0,0,0,0,0,0,0,0,0,0,0,0,0,0,0,0,0,0,0,0,0,0
AUS,269647224,332461,111616972,14692126,1309980,19086309,65812878,46864876,10410250,2364244,21006047,22642070,24329424,3102028,22472463,108808867,65403768,22365601,74706156,153998007,118701621,46482391,27036571,2773483,37729047,6055697,1532121518,262264998,836381707
MKD,0,0,0,3783,0,0,34085,111000,59420,0,0,1383663,65483,0,0,46050,41224,0,100190,413966,134654,1600955,0,0,15114,8517868,0,109,3735335
BEN,0,0,3184196,9480,0,24,225979,2560754,15194508,0,0,7811120,0,233524,62265,1841087,8157272,1078365,968240,18400905,24347618,24360,124000,0,477340,9077,569968,2457001,2240451
PRY,0,0,0,0,171688,0,4912245,0,134650,0,1084,199993,62067,0,10130,838702,125766,0,545018,794395,431445,0,95940,145530,50644,0,246132,2706124,97153022
BVT,0,0,0,0,0,0,0,0,0,0,0,0,0,0,0,0,0,0,0,0,0,0,0,0,0,0,0,0,0
AND,0,0,0,0,0,0,0,0,0,0,0,0,0,0,0,0,412,0,550,221,6771,0,0,0,0,0,0,0,20475
PER,122868,0,2335530,10690,90354,684543,1013553,63341,812963,3800,91782,391047,17524074,11884,893725,28707727,9489866,934442,1362127,4081766,11258552,1516915,5122508,2258004,2346227,624483,21570082,98438219,189797287
LSO,0,0,0,0,0,0,0,0,0,0,0,0,0,0,3435,0,0,0,0,0,583060,0,0,96300,0,0,288603,37278,47157
CXR,0,0,0,0,0,0,0,0,0,0,0,0,0,0,0,0,0,0,0,0,0,0,0,0,0,0,0,0,0
MRT,0,0,111614,0,0,0,1491367,0,62922601,0,0,3941,0,0,4117951,162460,103941,4550,19980,4928759,13571,0,15510,0,11193,1080733468,257402,1234610,1726021
AZE,0,135775,8400,0,103635,810,152880,718919,215041,0,0,152188,166080,0,12000,945606,2295,124245,746453,4601639,248070,111030,0,244426,25852,4106,19117756,2067270,1692162
BDI,0,41903,287225,0,0,0,22210,0,3295042,50875,0,0,0,0,0,3337904,0,0,0,0,40000,31488,0,0,34135,3726261,0,0,162684
PHL,150130,0,490575687,1223655,3013805,3149392,133389926,606065182,23061773,38540645,58762876,15815523,22690511,102019,4252810,149418971,220068714,21659339,63128850,121054484,186906034,17899396,34778644,57837535,53959945,1026787,2777099396,179331007,318861722
TJK,0,102960,0,14550,220150,0,706900,56206,13895131,0,0,604217,271795,0,38220,0,51121,6664,3350,1029837,1241609,0,84733,0,1997846,32503466,792003,1835700,1893435
MDG,0,0,108485,0,20500,0,38990,29160,73736,19473283,90530,40,15164,1109293,7794,148936,239913,1247,242255,1719518,3114297,17504,357616,0,1372923,47639016,375596,4686125,1393287
FRO,0,0,66080073,0,0,0,0,0,0,0,0,0,0,0,0,0,0,0,0,0,0,0,0,0,0,0,188207,1723,31083
VIR,0,0,0,0,0,0,0,0,0,0,0,0,0,0,0,0,0,0,0,0,0,0,0,0,0,0,0,0,0
BRA,141,7426567607,42729910,2340,53244986,6936,158427619,5309839,8670092,15013,1486677,4910174,12956258,44182,2333466,3782206,6708826,573810,4842661,40424987,22449400,152089,39823343,38,18766488,1274437,97471928,226740580,2692040309
REU,0,0,0,0,0,0,0,0,0,0,0,0,0,0,0,0,0,0,0,0,0,0,0,0,0,0,0,0,0
PYF,0,0,1099552,0,650198,0,258809,0,0,0,0,0,0,2254,16175,1425934,0,0,390333,493090,805938,3199,0,0,90954,0,0,68317,250464
CAF,0,0,3407967,0,0,0,0,0,0,0,0,0,0,0,0,273708,0,0,0,0,61611,3830,0,0,30032,0,3412,48818,4451
HTI,0,0,2660850,0,0,0,12767581,0,66500,0,0,0,0,0,0,10526466,483659,133472,922944,5473540,1697678,31911,0,154366,16325,0,130982,1300007,2848501
,0,0,0,0,0,0,0,0,0,0,0,0,0,0,0,0,0,0,0,0,0,0,0,0,0,0,0,0,0
GLP,0,0,0,0,0,0,0,0,0,0,0,0,0,0,0,0,0,0,0,0,0,0,0,0,0,0,0,0,0
SAU,0,0,2959566,13448686,96565,784266,61857151,30048433,57512093,207379,891972,29171157,1510746,319477,1360956,1459308,16239925,4464124,13335995,71298087,6073823,19905895,2457972,678,9969935,16658876,70667116,134289067,184724852
TWN,0,0,0,0,0,0,0,0,0,0,0,0,0,0,0,0,0,0,0,0,0,0,0,0,0,0,0,0,0
PRT,0,60800946,66255109,4108351,5059974,161436,2718067,439076,166532,0,77085,2187904,634497,1254408,3933461,23216932,55316,22595,1581908,12602993,2694630,408773,1750245,495683,1521305,13887849,71148007,4794266,160161194
KHM,4500,5435407,2192462,734075,11249193,914906,4400796,867729,4286070,158443836,2662439,1643825,827644,207402,219473,23208754,1178311,17846,4150154,12691465,10866064,6189857,8292338,9036965,2705823,31259,5886019,12483520,18919719
HUN,0,8149178,1890965,47600,3253671,76657,1980685,654500,2027153,70120,0,3750643,739490,29250,18905,2800,98052,121481,49287,3359708,5809052,51569,663978,839449,238147,0,123644,51370882,143880092
VUT,0,0,799265,0,62216,0,0,0,0,4115343,0,5300,0,0,0,2419212,0,6232,155512,449951,255618,44171,24290,0,13931,0,2274362,3615,53344
DJI,0,0,0,0,0,0,173873,88762,1918774,0,38780,0,39660,0,302969,0,572524,269493,0,1999585,5044227,525135,0,296753,828255,4151,1373831,16784771,21580429
GEO,1536,3375752,657062,0,0,0,3101635,936791,1050140,0,0,525969,334632,0,51206,1738897,460552,15979,1571765,4968623,702435,3833661,284977,1345875,524542,1800,403467,6595555,11677842
IDN,138018,43646,70362078,773400,37400968,820891,505829307,673108432,19091804,815831,89759318,22228452,37408907,283016,11895209,39945300,173844720,9332415,22880780,126801896,138447342,2523093,102762309,161766856,94994579,31218971,561342798,466969118,1259582048
,0,0,0,0,0,0,0,0,0,0,0,0,0,0,0,0,0,0,0,0,0,0,0,0,0,0,0,0,0
MWI,0,0,192675,0,0,18181,45776,0,1585368,0,0,0,0,9200,0,1638660,0,0,3707,0,5920,0,0,9624344,15942,0,144317,684758,1058112
FJI,0,0,30855044,0,0,0,2312231,43771,8155,2966160,0,0,990,1462,11549,10683771,20872,131514,253656,2839038,2087555,3392702,9214,0,419759,3203172,62864,1882024,801017
LIE,0,0,0,0,0,0,0,0,0,0,0,0,0,0,0,0,0,0,0,0,0,0,0,0,0,0,0,0,0
KIR,0,0,532489,0,0,0,0,0,0,1651207,0,5661,0,0,7966,3180327,16416,0,617336,109832,985540,193448,0,0,818610,0,1170321,44519,120
CRI,0,72651521,5415064,24940,253,21203,10294018,151111,317464,890,200188,117955,999211,2200,154380,14923441,2234600,127738,587189,9558707,4574514,373324,1110637,0,388588,331205,1787186,13735156,45300170
GRL,0,0,259923971,0,0,0,0,0,0,0,0,0,0,0,0,36642,12,0,24,0,546,0,0,0,0,0,0,0,269
,0,0,0,0,0,0,0,0,0,0,0,0,0,0,0,0,0,0,0,0,0,0,0,0,0,0,0,0,0
CAN,78242,6452,260906992,6212610,18632060,3502230,112577795,63704673,44914658,1376487,3415181,47623371,33142344,1967120,21887291,125797939,42581226,4376312,78809416,137666141,79070134,11069066,36333459,4385648,8711207,14783610,63336031,113652502,477516711
,0,0,0,0,0,0,0,0,0,0,0,0,0,0,0,0,0,0,0,0,0,0,0,0,0,0,0,0,0
GTM,20060,0,137268,204010,0,2756,7264828,2313402,109580,763,431873,101724,584230,154346,121605,2047296,6978387,992533,1922122,6628083,4712782,179962,3211303,0,853977,664,24532660,23646842,94714471
,0,0,0,0,0,0,0,0,0,0,0,0,0,0,0,0,0,0,0,0,0,0,0,0,0,0,0,0,0
,0,0,0,0,0,0,0,0,0,0,0,0,0,0,0,0,0,0,0,0,0,0,0,0,0,0,0,0,0
ETH,0,0,0,0,65797,650,124140,0,2369011,0,77478,1473,11080,2144,585428,465,512784,62760,82692,1348362,4036274,654675,3411,1340307,354751,3125049,33480733,5264381,21301512
COM,0,0,696900,0,0,0,111142,31823,0,0,0,0,0,0,0,32412,106242,0,64672,758691,136058,0,0,0,3547,0,73767,0,0
POL,0,9591621,71628555,16983830,37145655,515335,14218729,8869727,17133802,0,67291,16618844,12204382,5586370,1377553,2156286,3540648,4034212,1264464,28025215,15568934,2260729,12475025,7066373,17823214,522333,24625562,101456780,411632800
KGZ,121480,2901247,62100,223056,26112,0,4206501,74322874,23169314,0,213856,126063,84174,10327,37671,263795,91898,135970,23746,13300852,1955200,32180,0,0,452780,26682880,3909832,1576978,2909856
PLW,0,0,30000,0,0,0,0,0,0,0,0,0,0,0,0,0,0,0,7156,0,0,601916,0,0,40717,0,2088956,0,0
SUR,0,0,711729,0,0,18,2089216,154031,81018,0,0,51405,0,0,0,529976,47327,0,162939,1956725,677953,1103277,999,53467,38354,0,31219,2569588,411782
SMR,0,0,0,0,0,0,0,0,0,0,0,0,0,0,14112,0,7973,4726,0,48119,1484926,14384,0,0,0,0,0,205,2700
SYR,74223,0,0,57841,0,0,1864805,4911891,2619467,12788850,0,231611,432085,35489,383858,0,489052,741041,500,2121735,2304254,418222,486547,317600,662666,0,152125,7779799,24508369
LVA,0,263929,3261412,57978,0,0,788554,2191997,713749,0,0,4830746,529449,50078,96682,383481,964590,66454,135189,1796376,2636031,3695984,1750590,449307,1767937,0,1423131,1519227,73715986
CPV,0,0,0,0,0,0,774893,0,0,0,0,588,0,0,0,12773522,0,0,14892,307107,0,0,0,0,253,0,928,21560,19201
ZMB,0,0,3686398,279011,3492758,120,83681,16249,2385,0,0,32049,35939,0,0,6798389,6550,0,0,18571,198240,6031,0,66879663,195268,76794600,298782,1651199,5577967
BRN,0,0,1755208,716585,0,5748,5803285,729024,1596693,0,0,56735,3119,796,114709,2285124,228123,0,381786,2026857,748282,130784,968498,0,580980,10372,66659857,2875984,2250953
IRN,0,0,9300268,97631,100529,303638,1519993,398179953,15312129,20,64350,43678896,5916241,39111,1915906,2733440,2577583,214549,14669,14595993,4831231,1279060,4967615,141000,29251525,661130,48801709,77976529,400280357
ITA,222851,142269,77725379,5537588,38502240,1607458,97779310,24934116,12649747,369856,514233,19782412,32774237,4488696,9904662,27094060,1302902,8732,5868206,96403371,23385249,11737192,21674831,143286,33491440,152162,57655147,130111037,1355747577
LKA,0,0,37924782,73223,736338,14095,40140649,20083954,6384742,16585,1175696,534023,475241,67190,30463,46773415,2606964,1559447,61110,5505024,7096347,2315,4040851,200,2242369,36961,128321623,29269489,86411737
MHL,0,0,2088865,0,0,0,0,0,0,531332,0,0,0,0,0,572103,0,0,219865,177351,40032,260571,0,44586,31775,1981,538866998,204199,95760
VGB,0,0,0,0,0,0,0,0,0,0,0,0,0,0,0,0,0,0,0,0,28903,0,0,0,0,0,269615,0,0
ARE,0,182771,12976893,1540894,8206297,5636406,93204397,55823093,72261494,666260,199258,28543967,2377003,262863,2737001,32672282,10325553,3172494,5573868,44276343,29208101,35793537,1635448,52369907,17860832,62320886,431910205,178693310,310116202
KWT,62007,307140,606720,893061,16781,315366,6960931,1513430,4294562,3000,17,6479409,96914,145652,246100,1273361,1955600,750397,379775,10076372,519788,11699535,232968,0,1024342,928496,1999996,6334384,15009406
KEN,0,0,15156163,0,125783,7486,6827191,388840,1416381,59375,107554,492673,348545,0,568539,19567861,2803834,75396,119125,4272283,5429937,1674676,698523,0,3727903,875431,43803116,42060054,70236867
,0,0,0,0,0,0,0,0,0,0,0,0,0,0,0,0,0,0,0,0,0,0,0,0,0,0,0,0,0
NZL,214536645,63000,21941580,1931575,103289,1137968,15162886,7593821,1942588,519212,3443791,11653094,4446376,1155591,5922446,34803941,14186826,8055535,16378016,22280804,40280481,3086392,4782622,1875,12400853,808510,23677258,55689090,95731721
TCD,0,0,0,0,0,0,0,0,1819058,405666,0,0,1442337,0,0,0,0,0,21516,46677,844313,3400,0,0,308860,32711,743963,349627,1969696
TTO,0,0,4982199,0,0,0,4913096,58554,36721,0,24420,787431,0,9644,106774,1034422,461811,226,514211,2170812,1259717,102392,72751,0,291056,4766792,2674572,2939087,3945153
ALB,0,0,819529,90,0,3316,1795898,973178,1544279,36300,0,748989,62047,0,343603,1388900,390425,136667,38022,918720,882279,787805,0,0,50461,56427859,4450,1602333,5318714
SVK,20000,0,551246,82522,917872,0,164426,1088409,4302,0,51884,19977,849694,36445,405,0,13706,1857,245288,1140066,1712682,637578,203999,38850,844536,46440,37156,229861,7803314
ARM,0,0,0,2400,0,8930,3300,20268,98869,0,0,868867,0,5700,0,0,18690,683,7,961839,3476,818348,6025,103636,18108,738153297,36135,88199,863726
NLD,17897,76862,125907587,5083769,106415669,47419427,105693146,113541900,135900017,1471342,39289113,116558686,24505202,24730450,287644762,89596379,24740535,13796074,36575082,127245759,127069204,15461820,174090818,6999110,105169041,5891187,482501275,228926630,2227666183
GIB,0,0,0,0,0,0,0,0,0,0,0,0,0,0,0,0,0,0,0,0,0,0,0,0,0,0,1033570,0,0
MLI,42788,0,11832959,0,0,0,3227203,789763,13838729,0,0,67067734,109150,0,22265,17782688,143221,0,0,300400,1281317,0,0,0,12104,6122427,334089,8434072,2481779
ABW,0,0,101876,0,0,0,1995,50930,0,0,0,579,0,0,1896,0,0,0,19,86760,18272,0,0,734500,6761,0,302,0,159714
VAT,0,0,0,0,0,0,0,0,0,0,0,0,0,0,0,0,0,0,0,0,0,0,0,0,0,0,0,0,0
MAR,0,0,9844800,1789106,8037379,11399,442212,17593112,204823903,684325,0,4353192,833393,19559,118038,3366961,921629,300400,4807020,9137600,2098289,58079,2944186,969213,387088,169860,108178,20228002,49563409
PRT,0,60800946,66255109,4108351,5059974,161436,2718067,439076,166532,0,77085,2187904,634497,1254408,3933461,23216932,55316,22595,1581908,12602993,2694630,408773,1750245,495683,1521305,13887849,71148007,4794266,160161194
BLZ,0,0,0,0,0,0,205260,0,0,0,1596,87800,5018,0,697,0,679,0,34077,74833,98876,197242,0,16711740,11940,0,4512400,52669,134261
LUX,0,0,0,68037,0,0,0,0,0,0,0,0,89065,0,4418,319701,0,23077,132617,1392,17802,0,0,0,4595,0,95131144,141956,15949
EST,0,0,210740,1,218027,5900,886157,38087,379475,0,985,144145,377680,4930,1662,4851467,31805,5470068,30249,875434,770859,2106129,100223,32096,79198,0,473753,3310645,13006575
JAM,0,0,1411827,0,9004,0,2440820,0,186185,0,97716,17960,25641,3542,6552,1809792,261252,0,527786,1393501,328792,319573,170562,0,67458,19288635,288528,1135316,3360074
CHE,8841,5464564,1037949,3800,2747992,48613,2702806,2950,2622219,50,230,516026,1501522,74921,1622042,773791,594274,2452,2183845,4395486,1109244,4768703,6139707,385,167292,0,12003295,13621722,735611003
GNQ,0,0,1808836,0,0,0,482900,0,105690,221796,0,0,0,0,0,1479060,0,0,0,305856,17690,21335,0,0,44384,0,11041,20760,104232
AUT,5230,119043916,589470,86314,11595834,0,231021,2800,6516,1293,1628,154249,524308,10041,12564,177876,171727,1323678,750121,1600661,664837,226478,1062724,337,2231864,394121,3783806,12059115,62320698
NER,0,0,1592469,0,0,0,0,0,12548010,34470000,0,220599158,276572,0,0,1442387,1596498,246343,348709,1241798,2215993,0,0,0,4129,32366,32507,15636662,1236653
,0,0,0,0,0,0,0,0,0,0,0,0,0,0,0,0,0,0,0,0,0,0,0,0,0,0,0,0,0
KAZ,0,4870669,1190540,173746,1980932,32023,37818634,67792045,8935878,73447646,46288,2526003,1054587,82642,66950,9036847,2003198,676633,5626520,61048054,19909689,13928792,1918474,659830,5211467,26391,15612500,123354814,43750875
,0,0,0,0,0,0,0,0,0,0,0,0,0,0,0,0,0,0,0,0,0,0,0,0,0,0,0,0,0
TLS,0,0,4158231,0,0,0,1457067,893595,9069,13879814,0,27917,0,0,0,1841062,0,0,517,630,13938,453644,0,0,11749,0,410841,0,814
HND,0,0,285473,0,129206,0,3578446,0,770723,0,8000,2915,164745,0,128079,3078683,1998953,307540,436968,1945345,1355474,117560,959194,5,59783,8152,257267,6689521,9246275
NGA,0,0,30638097,326015,629965,552665,817714,145095,21319727,2217220,3444590,93192,2143540,3103758,361477,12814855,32483986,2895723,5947244,49782822,95676938,925644,1905037,285012,6914360,309399,70307450,80360309,178127749
GMB,0,0,0,0,0,450,1282923,0,21920513,0,0,2695618,0,0,360,858762,701300,3698,712732,4656668,2680315,27791,15600,0,449,1232924,73503,443885,430830
BWA,0,0,0,0,0,0,12200,0,0,45,0,0,0,0,0,183564,0,0,5325,0,91980,22673,0,0,2024,20520,759,373639,216410
,0,0,0,0,0,0,0,0,0,0,0,0,0,0,0,0,0,0,0,0,0,0,0,0,0,0,0,0,0
MCO,0,0,0,0,0,0,0,0,0,0,0,0,0,0,0,0,0,0,0,0,0,0,0,0,0,0,0,0,0
NFK,0,0,0,0,0,0,0,0,0,0,0,0,0,0,0,0,0,0,0,0,0,0,0,0,0,0,0,0,0
BFA,0,0,34313255,0,0,0,468821,0,1822585,0,0,2180975,0,0,1848,2903922,229096,0,63418,461297,2383128,0,610,0,12137,32564004,32645,1910194,109650
UKR,2150,62521,17560943,69680,3991454,23393,9365940,22553961,10847631,10299379,8736,2101259,12067365,484915,263075,63456823,4523660,730765,1930921,29609753,9254745,3123254,18029088,348383,12271299,88606,984316,33917768,135855010
CMR,0,0,3254381,0,89392,0,413935,0,16362047,50081400,5145526,3579,158656,34127,213640,3156501,563268,90815,432818,10963245,4772243,145398,224,0,309251,85380,4614431,8014244,7659393
CYM,0,0,0,0,48,0,0,0,0,0,0,0,0,0,0,0,0,0,0,0,0,0,0,0,9041,0,4275063,1677,10986
USA,2601743,3353376,1113086483,16073731,203650517,52385965,553399199,188905406,216526287,21157724,13714363,127698825,374156827,13309548,91733932,965383029,200579359,17347434,219917645,941168050,621623705,33951736,325422543,3781307,167253580,6634424,301876689,800874880,7386128825
ESH,0,0,0,0,0,0,0,0,94084,0,0,0,0,0,0,0,0,0,0,0,0,0,0,0,0,0,0,0,0
GRD,0,0,187514,0,0,0,8750,0,0,0,0,0,233,0,0,2299,16428,0,0,13920,15569,0,0,63000,450,0,0,0,0
TKL,0,0,0,0,0,0,0,0,0,0,0,0,0,0,0,0,0,0,0,0,0,0,0,0,0,0,0,0,0
HKG,525528614,547842803,983541221,169697496,107098560,17235061,1592291814,383257898,488671698,14589224,47025555,221735124,70805352,8891391,98694103,861696374,36629438,52390123,525787990,400653504,632673881,911455831,16011076,81727462,488694945,6579249,6587298162,322803224,187811257
DOM,0,0,13068550,0,5627,74478,13002740,980913,1011688,0,20006,33300,674503,1239,26900,41050604,860378,406360,928361,7338383,4414634,185812,751549,6670640,278448,2719587,4242166,8544084,34651650
MYT,0,0,0,0,0,0,0,0,0,0,0,0,0,0,0,0,0,0,0,0,0,0,0,0,0,0,0,0,0
YEM,0,0,0,108382,0,0,3019840,35621,908264,1510265,21408,296931,52696,0,125849,90496,6782417,1576952,671534,65505144,13678382,0,419380,0,304196,1400,108145,7666255,10695498
GBR,7345,389502048,336589255,64012640,33411634,1110858,70247735,43041294,62866806,743540,1473277,36463099,18100968,5915321,64174309,46085496,25567275,5888808,61909823,93348278,92746792,12097014,104256171,648193,21219281,3728901,358251296,99627198,971310658
,0,0,0,0,0,0,0,0,0,0,0,0,0,0,0,0,0,0,0,0,0,0,0,0,0,0,0,0,0
GRC,0,0,17183446,1050066,489620,7319,11078936,3685660,4649673,0,39930,9587908,949700,395588,1961380,693085,1053902,71952,955317,4062709,2153992,6598948,5042686,1642192,1778859,105157137,59349910,11063030,78733363
SSD,0,0,595573,0,0,0,435180,0,2847,2880048,152,1424,0,0,0,0,0,0,16191,103762,779315,0,0,0,8969,0,249564,16133,12226
BHR,0,6450577,599175,81368,17416,330946,4034453,3113599,2575228,10020,59695,1853144,1457,56383,0,2096984,506567,39238,299883,3905901,97317,302364,83041,6083364,693104,8235,35446913,26585439,3841626
,0,0,0,0,0,0,0,0,0,0,0,0,0,0,0,0,0,0,0,0,0,0,0,0,0,0,0,0,0
BGR,0,0,4614136,643748,1301204,3179,939460,482065,4919362,8280071,0,6248403,1654724,257496,19304406,867302,368880,189594,5427,4529842,3296862,1991836,721880,1971604,272790,24750,202213,2895860,56747193
SEN,0,0,726321,13890,91007,2041,19966107,42520,67507469,8413500,118240,247794952,0,163313,79300,98867,1189899,0,944518,10483417,3374110,10031,19787,135,2680805,37038584,491357,11692932,18262959
SYC,0,0,956233,0,0,129600,530420,308345,379251,0,0,0,0,0,10499,0,0,0,3300,208904,149639,1433,0,0,14383,0,0,76386,78349
PRI,0,0,0,0,0,0,0,0,0,0,0,0,0,0,0,0,0,0,0,0,0,0,0,0,0,0,0,0,0
PSE,0,0,0,0,0,0,0,0,627125,0,0,0,15300,0,0,93560,881081,168263,400365,2313560,591257,0,0,0,0,0,0,25734,242049
,0,0,0,0,0,0,0,0,0,0,0,0,0,0,0,0,0,0,0,0,0,0,0,0,0,0,0,0,0
NIU,0,0,0,0,0,0,0,0,0,0,0,0,0,0,0,0,0,0,0,0,0,0,0,0,0,0,0,0,0
BMU,0,0,805428,0,0,0,0,0,0,0,0,0,0,0,0,0,0,0,0,0,37942,0,0,0,0,0,4820519,300,0
SOM,0,0,810080,33541,0,0,2674098,0,1665029,0,0,787146,4249342,0,24008,57591,728109,0,11250,1562501,2027423,15270,0,0,27868,498914,17620,2319937,502828
BRB,0,0,882797,0,0,323,354841,65752,63470,0,0,80000,0,0,0,139685,24623,20370,60109,106374,75565,590190,0,616,9572,0,1982066,54950,192592
SWE,3511,0,64561789,599753,155574,301430,4227644,6174465,6913087,42743,298,5145467,657193,265509,125842,4173158,1707399,52560,5474288,13968722,6111686,1262143,17012117,15,5889228,3892595,4031197,11161572,61814776
TCA,0,0,0,0,0,0,0,0,0,0,0,0,0,0,0,0,0,0,0,0,0,0,0,0,0,0,0,0,7710
BOL,0,50381640,0,4200,0,0,19875,564409,263493,4457828,61270,27337,56625,0,71553,2432538,1144421,495884,60984,1724595,3112027,307283,116716,0,26394,168540839,61440,3245066,7077642
CHN,0,0,0,0,0,0,0,0,0,0,0,0,0,0,0,0,0,0,0,0,0,0,0,0,0,0,0,0,0
GHA,0,0,12865493,0,248400,336,6482187,46250,79855426,5953255,112374,138630,159438,0,14197,75977222,32573384,2503327,4226609,40640670,48381063,1730204,648701,0,6287168,20711,18777641,35624592,52497845
IRQ,3000,0,546416,477255,2419,114590,4643272,19746072,6465868,24675,0,88930206,351260,1760,195130,6322131,6169243,706531,2821856,23911729,9765248,1555687,88115,24750,1387155,559950,1054041,9057014,32911451
AGO,0,0,313215,0,0,0,5288610,0,273157,991847,20480,7102,9985,0,10910,457068,543677,0,231586,13285625,4125101,77653,14060,0,826934,6180954,551740,6370130,4140354
CUB,0,0,495998,0,0,0,33391624,59622,20733,0,0,0,75378,0,19465,6796136,178106,0,30840,1143447,88507,240780,478400,5000670,402507,127311935,113265,3157544,6846813
MTQ,0,0,0,0,0,0,0,0,0,0,0,0,0,0,0,0,0,0,0,0,0,0,0,0,0,0,0,0,0
MYS,55251,31755013,233576662,4310043,9361275,6118510,634875550,309782265,417432336,682027,58670510,82534107,35052116,3333776,131249550,528964032,64823186,9539772,69417409,400481606,326614552,29538929,63328393,14965370,147154765,37470802,1580266755,488177964,614874507
